{"count":1,"self":8242.061312,"total":12529.442218799999,"children":{"InitializeActuators":{"count":72,"self":0.0030326,"total":0.0030326,"children":null},"InitializeSensors":{"count":72,"self":0.0010325,"total":0.0010325,"children":null},"AgentSendState":{"count":782984,"self":10.6050512,"total":210.7510897,"children":{"CollectObservations":{"count":11274984,"self":130.6285824,"total":130.6285845,"children":null},"WriteActionMask":{"count":11274984,"self":0.84721039999999992,"total":0.84721039999999992,"children":null},"RequestDecision":{"count":11274984,"self":6.9081344,"total":68.6702435,"children":{"AgentInfo.ToProto":{"count":11274984,"self":4.9900256,"total":61.7621094,"children":{"GenerateSensorData":{"count":11274984,"self":56.7720832,"total":56.772084,"children":null}}}}}}},"DecideAction":{"count":782984,"self":3749.0012159999997,"total":3749.0011483,"children":null},"AgentAct":{"count":782984,"self":325.5316992,"total":325.6563638,"children":{"AgentInfo.ToProto":{"count":8311,"self":0.0322283,"total":0.12466999999999999,"children":{"GenerateSensorData":{"count":8311,"self":0.0924417,"total":0.0924417,"children":null}}}}},"AgentInfo.ToProto":{"count":144162,"self":0.3709557,"total":1.968162,"children":{"GenerateSensorData":{"count":144162,"self":1.5972062999999999,"total":1.5972062999999999,"children":null}}}},"gauges":{"Walker.CumulativeReward":{"count":152473,"max":31076.2969,"min":-4.6208806,"runningAverage":1926.84131,"value":30813.4941,"weightedAverage":19022.34}},"metadata":{"timer_format_version":"0.1.0","start_time_seconds":"1723612479","unity_version":"2022.3.34f1","command_line_arguments":"C:\\Program Files\\Unity\\Hub\\Editor\\2022.3.34f1\\Editor\\Unity.exe -projectpath C:\\Users\\juyie\\Desktop\\Unity\\CrowdSim\\DisasterCrowdSimulator -useHub -hubIPC -cloudEnvironment production","communication_protocol_version":"1.5.0","com.unity.ml-agents_version":"3.0.0-exp.1","scene_name":"Itaewon_density_grid_04_whatif1","end_time_seconds":"1723625008"}}